{
    "How do you replace coolant thermostat": [
        "https://www.wikihow.com/Replace-a-Thermostat-in-a-Car",
        "https://shop.advanceautoparts.com/r/car-projects/how-to-replace-a-vehicle-thermostat",
        "https://mechanicbase.com/coolant/thermostat-symptoms/",
        "https://www.youtube.com/watch?v=RIC6Z4D6Q3E",
        "https://oards.com/how-to-replace-car-thermostat/",
        "https://www.youtube.com/watch?v=NehZEoOZrn4",
        "https://www.howacarworks.com/cooling-systems/how-to-replace-a-car-thermostat",
        "https://www.trustmymechanic.com/how-to-replace-the-thermostat-in-your-car/",
        "https://chevroletforum.com/how-tos/a/chevrolet-silverado-1999-2006-how-to-replace-thermostat-and-housing-392998",
        "https://www.2carpros.com/articles/replace-thermostat"
    ],
    "How is library science vand information science related": [
        "https://en.wikipedia.org/wiki/Library_and_information_science",
        "https://ischool.uw.edu/programs/mlis/what-is-library-science",
        "https://www.usnews.com/education/best-graduate-schools/articles/what-library-science-is-and-how-to-become-a-librarian",
        "https://www.collegefactual.com/majors/library-science/library-information-science/related-majors/",
        "https://open.umn.edu/opentextbooks/textbooks/1433",
        "https://www.sciencedirect.com/topics/social-sciences/library-and-information-science",
        "https://csi.pressbooks.pub/lis/front-matter/introduction/",
        "https://en.wikipedia.org/wiki/Library_and_information_scientist",
        "https://en.wikipedia.org/wiki/Outline_of_library_and_information_science",
        "https://guides.loc.gov/library-science"
    ],
    "Which phase is the non dividing stage": [
        "https://en.wikipedia.org/wiki/Cell_cycle",
        "https://sciencenotes.org/cell-cycle-phases-and-checkpoints/",
        "https://biologydictionary.net/interphase/",
        "https://socratic.org/questions/which-phase-of-the-cell-cycle-is-characterized-by-a-non-dividing-cell",
        "https://bio.libretexts.org/Bookshelves/Human_Biology/Book%3A_Human_Biology_(Wakim_and_Grewal)/07%3A_Cell_Reproduction/7.2%3A_Cell_Cycle_and_Cell_Division",
        "https://bio.libretexts.org/Courses/Lumen_Learning/Fundamentals_of_Biology_II_(Lumen)/14%3A_Module_11-_Cell_Division_and_Cell_Cycle/14.05%3A_The_Cell_Cycle",
        "https://www.thoughtco.com/stages-of-mitosis-373534"
    ],
    "How much has michael vick worth after release from prison": [
        "https://www.sportscasting.com/news/michael-vick-called-on-a-wealthy-celebrity-friend-to-help-him-get-out-of-17-6-million-worth-of-debt/",
        "https://fanbuzz.com/nfl/michael-vick-net-worth/",
        "https://www.nickiswift.com/1029958/what-michael-vicks-life-in-prison-was-really-like/",
        "https://www.celebritynetworth.com/articles/sports-news/michael-vick-just-completed-stunning-financial-debt-repayment-no-one-expected-wasnt-legally-required/",
        "https://marketrealist.com/what-is-michael-vicks-net-worth/",
        "https://www.grunge.com/367176/how-michael-vick-ended-up-with-no-money/",
        "https://clutchpoints.com/michael-vicks-net-worth-in-2021"
    ],
    "How can you get rid of dog fleas": [
        "https://betterpet.com/how-to-get-rid-of-fleas-naturally/",
        "https://www.akc.org/expert-advice/health/how-to-get-rid-of-fleas/",
        "https://www.webmd.com/pets/remedies-for-fleas",
        "https://www.cdc.gov/fleas/section-name/index.html",
        "https://www.businessinsider.com/guides/pets/fleas-on-dogs",
        "https://www.webmd.com/pets/remove-fleas-from-pet",
        "https://www.dogster.com/dog-health-care/how-to-get-rid-of-fleas-on-my-dog",
        "https://www.akc.org/expert-advice/health/forcing-the-fleas-to-flee/",
        "https://www.purina.com/articles/dog/health/parasites/dog-fleas",
        "https://www.dogstrust.org.uk/dog-advice/health-wellbeing/essentials/fleas"
    ],
    "This is the third largest oceans": [
        "https://oceaninfo.com/list/largest-oceans-and-seas/",
        "https://www.worldatlas.com/articles/the-oceans-of-the-world-by-size.html",
        "https://www.americanoceans.org/facts/biggest-oceans-and-seas/",
        "https://www.usatoday.com/story/news/2022/12/13/what-is-largest-ocean-on-earth/8191191001/",
        "https://largest.org/nature/oceans/",
        "https://oceanliteracy.unesco.org/the-largest-ocean/",
        "https://www.cia.gov/the-world-factbook/oceans/indian-ocean/"
    ],
    "What is kristen steawerts brothers name": [
        "https://tvshowstars.com/kristen-stewart-siblings/",
        "https://starschanges.com/kristen-stewart/",
        "https://www.imdb.com/name/nm0829576/bio/",
        "https://www.famousbirthdays.com/people/cameron-stewart.html",
        "https://people.com/all-about-kristen-stewart-parents-john-and-jules-mann-stewart-8583049",
        "https://bodyheightweight.com/kristen-stewart-family-and-love-life/",
        "https://www.imdb.com/name/nm0829576/?linkId=115767411"
    ],
    "What type of relief is the coastal plains": [
        "https://www.britannica.com/science/coastal-landform",
        "https://www.nationalgeographic.org/encyclopedia/coastal-plain/",
        "https://sciencing.com/landforms-natural-resources-coastal-plain-8747174.html",
        "https://geology.blogs.wm.edu/coastal-plain/",
        "https://link.springer.com/referenceworkentry/10.1007/3-540-31060-6_56",
        "https://www.britannica.com/place/Coastal-Plains-region-North-America",
        "https://digitalcommons.wku.edu/cgi/viewcontent.cgi?article=1032&context=geog_fac_pub"
    ],
    "What do the word anteroposterior means": [
        "https://www.merriam-webster.com/medical/anteroposterior",
        "https://medical-dictionary.thefreedictionary.com/anteroposterior",
        "https://www.collinsdictionary.com/dictionary/english/anteroposterior",
        "https://www.answers.com/medical-terminology/What_does_anteroposterior_medical_term_mean",
        "https://en.wikipedia.org/wiki/Anatomical_terms_of_location",
        "https://sciencenotes.org/anatomical-terms-of-location-anterior-vs-posterior-and-dorsal-vs-ventral/",
        "https://en.wiktionary.org/wiki/anteroposterior",
        "https://www.thefreedictionary.com/anteroposterior",
        "https://www.yourdictionary.com/anteroposterior",
        "https://medical-dictionary.thefreedictionary.com/anteroposteriorly"
    ],
    "Does selena gomez have verizon wireless for her cell phone": [
        "https://graziamagazine.com/articles/selena-gomez-no-phone-three-months/",
        "https://www.youtube.com/watch?v=ii3fkqiCFAU",
        "https://talesfromthecollection.com/selena-gomez/",
        "https://hellogiggles.com/selena-gomez-cell-phone/",
        "https://ca.news.yahoo.com/selena-gomez-learned-not-using-000325223.html",
        "https://www.teenvogue.com/story/selena-gomez-things-you-didnt-know",
        "https://www.ispot.tv/ad/ADnk/verizon-play-it-again-with-selena-gomez"
    ],
    "What is winston churchills big achievements": [
        "https://learnodo-newtonic.com/winston-churchill-accomplishments",
        "https://worldhistoryedu.com/6-major-achievements-of-winston-churchill/",
        "https://worldhistoryedu.com/the-life-and-achievements-of-sir-winston-churchill/",
        "https://winstonchurchill.org/resources/reference/churchills-chart-of-achievements/",
        "https://www.britannica.com/biography/Winston-Churchill",
        "https://en.wikipedia.org/wiki/Winston_Churchill",
        "https://www.history.com/topics/european-history/winston-churchill",
        "https://www.biography.com/political-figures/winston-churchill",
        "https://www.britannica.com/biography/Winston-Churchill/Military-successes-and-political-problems",
        "https://www.britannica.com/biography/Winston-Churchill/Leadership-during-World-War-II"
    ],
    "What is the value of a 1988 barbie collectible": [
        "https://www.txantiquemall.com/holiday-barbies-worth/",
        "https://www.txantiquemall.com/value-of-collectible-barbie-dolls/",
        "https://www.jacquelinestallone.com/most-valuable-holiday-barbie-dolls/",
        "https://www.valuemystuff.com/us/blog/how-to-value-barbies",
        "https://www.jacquelinestallone.com/collectible-barbie-dolls/",
        "https://www.barbiedb.com/",
        "https://fashioncoached.com/article/how-much-are-holiday-barbies-worth-collectors-guide"
    ],
    "Who does sleaner gomez love": [
        "https://people.com/selena-gomez-calls-benny-blanco-a-light-in-her-life-8708794",
        "https://swimsuit.si.com/swimnews/selena-gomez-dishes-on-romance-with-best-friend-benny-blanco-01j7e77e7r01",
        "https://people.com/selena-gomez-benny-blanco-relationship-timeline-8424246",
        "https://www.eonline.com/news/1404932/selena-gomez-and-benny-blanco-reveal-who-said-i-love-you-first-in-cute-video",
        "https://www.eonline.com/news/1396799/selena-gomez-reveals-what-she-loves-most-about-boyfriend-benny-blanco",
        "https://www.instyle.com/selena-gomez-benny-blanco-relationship-timeline-8644948",
        "https://people.com/selena-gomez-shares-pda-filled-photos-with-boyfriend-benny-blanco-8631199"
    ],
    "How many books selling online": [],
    "How much anderson shelters cost in ww2": [
        "https://www.historyhit.com/facts-about-anderson-shelters/",
        "https://historyforkids.org/anderson-shelter-facts-and-information/",
        "https://andersonshelters.org.uk/a-history-of-the-anderson-shelter/",
        "https://andersonshelters.org.uk/",
        "https://www.bbc.co.uk/history/ww2peopleswar/stories/29/a1125929.shtml",
        "https://www.bbc.co.uk/history/ww2peopleswar/stories/14/a6661514.shtml",
        "https://www.military-history.org/feature/air-raid-shelters.htm"
    ],
    "What is an exzmple of soliloquy": [
        "https://www.litcharts.com/literary-devices-and-terms/soliloquy",
        "https://literarydevices.net/soliloquy/",
        "https://literaryterms.net/soliloquy/",
        "https://smartblogger.com/soliloquy-examples/",
        "https://www.thoughtco.com/soliloquy-literary-definition-4169546",
        "https://literarydevices.com/soliloquy/",
        "https://www.masterclass.com/articles/poetry-101-what-is-a-soliloquy-learn-the-difference-between-soliloquy-monologue-and-an-aside-with-examples",
        "https://www.yourdictionary.com/articles/examples-soliloquy-purpose-drama",
        "https://poemanalysis.com/literary-device/soliloquy/",
        "https://www.britannica.com/art/soliloquy"
    ],
    "Who invented first electirc stove and when": [
        "https://en.wikipedia.org/wiki/Electric_stove",
        "https://www.cbsnews.com/news/almanac-the-first-electric-stove/",
        "https://housegrail.com/who-invented-the-kitchen-stove-and-when/",
        "https://www.edinformatics.com/inventions_inventors/electric_stove.htm",
        "https://www.whothoughtofit.com/who-invented-the-electric-stove/",
        "https://www.thoughtco.com/history-of-the-oven-from-cast-iron-to-electric-1992212",
        "https://interestingengineering.com/innovation/the-history-behind-the-15-kitchen-appliances-that-changed-the-way-we-live"
    ],
    "What kind of cells make electricity from light": [
        "https://www.energy.gov/eere/solar/solar-photovoltaic-cell-basics",
        "https://www.eia.gov/energyexplained/solar/photovoltaics-and-electricity.php",
        "https://www.explainthatstuff.com/how-photoelectric-cells-work.html",
        "https://www.energy.gov/eere/solar/articles/pv-cells-101-primer-solar-photovoltaic-cell",
        "https://www.energysage.com/solar/solar-photovoltaic-cells/",
        "https://www.explainthatstuff.com/solarcells.html",
        "https://www.science.org.au/curious/technology-future/solar-pv",
        "https://www.britannica.com/technology/solar-cell",
        "https://www.energysage.com/solar/solar-panels-work/",
        "https://your-physicist.com/how-photovoltaic-cells-work/"
    ],
    "Advantages and disadvantages of a bank": [
        "https://efinancemanagement.com/financial-management/advantages-and-disadvantages-of-banks",
        "https://www.forbes.com/advisor/banking/online-banks-vs-traditional-banks/",
        "https://www.usnews.com/banking/articles/pros-and-cons-of-online-banking",
        "https://wise.com/us/blog/online-banking-advantages",
        "https://smartasset.com/checking-account/online-vs-traditional-banks-which-is-better",
        "https://www.fool.com/the-ascent/banks/articles/the-biggest-pros-and-cons-of-online-banks/",
        "https://www.capitalone.com/bank/money-management/banking-basics/benefits-of-checking-accounts/",
        "https://www.fool.com/the-ascent/banks/articles/6-advantages-and-4-disadvantages-of-online-banking/",
        "https://www.investopedia.com/articles/pf/11/benefits-and-drawbacks-of-internet-banks.asp",
        "https://www.thebalancemoney.com/types-of-bank-accounts-315458"
    ],
    "What is the difference between an electrician and an electrical engineer": [
        "https://www.indeed.com/career-advice/finding-a-job/electrician-vs-electrical-engineer",
        "https://www.indeed.com/career-advice/finding-a-job/electrical-engineering-vs-electrician",
        "https://electronicshacks.com/electrician-vs-electrical-engineer/",
        "https://www.neit.edu/blog/electrician-vs-electrical-engineer",
        "https://saganelectric.com/blog/electrician-vs-electrical-engineer-differences-explained/",
        "https://ca.indeed.com/career-advice/finding-a-job/electrician-vs-electrical-engineer",
        "https://www.newscientist.com/nsj/article/electrical-engineer-vs-electrician",
        "https://www.buildstream.co/blog/electrical-engineer-vs-electrician-what-are-the-key-differences",
        "https://controltap.com/article/electricians-vs-electrical-engineers-key-differences-and-career-paths/",
        "https://www.ncesc.com/electrician-vs-electrical-engineer/"
    ],
    "What is the sequence to obtain a DNA fingerprint": [
        "https://www.britannica.com/science/DNA-fingerprinting",
        "https://biologydictionary.net/dna-fingerprinting/",
        "https://biologywise.com/dna-fingerprinting-process",
        "https://bio.libretexts.org/Workbench/Modern_Genetics/02%3A_How_does_DNA_vary_between_individuals/2.02%3A_Molecular_Genetic_Markers/2.2.01%3A_DNA_Fingerprinting_RFLPs_and_Southern_Blotting",
        "https://microbeonline.com/dna-fingerprinting/",
        "https://www.webmd.com/a-to-z-guides/dna-fingerprinting-overview",
        "https://www.genome.gov/genetics-glossary/DNA-Fingerprinting",
        "https://le.ac.uk/dna-fingerprinting/explained",
        "https://sciencevivid.com/dna-fingerprinting/",
        "https://www.encyclopedia.com/science-and-technology/biology-and-genetics/genetics-and-genetic-engineering/dna-fingerprinting"
    ],
    "Where is nadia comasneci 's academy the perfect ten": [
        "https://www.bustle.com/articles/177062-where-is-nadia-comaneci-now-life-since-the-olympic-gymnasts-historic-perfect-10-has-been-full",
        "https://olympics.com/en/news/snapped-reflections-and-revelations-on-comaneci-s-perfect-10",
        "https://fanbuzz.com/olympics/nadia-comaneci-now/",
        "https://www.usatoday.com/story/sports/olympics/rio-2016/2016/07/20/10-gymnast-nadia-comaneci-olympics-montreal/87357146/",
        "https://www.biography.com/athletes/nadia-comaneci",
        "https://www.history.com/this-day-in-history/nadia-comaneci-first-perfect-10-gymnastics-montreal-olympics",
        "https://www.youtube.com/watch?v=eBrwQ7-I6t8",
        "https://www.cnn.com/2012/04/03/sport/olympics-nadia-comaneci/index.html",
        "https://www.europeana.eu/en/stories/nadia-comaneci-the-first-olympic-gymnast-to-score-a-perfect-10",
        "https://www.laureus.com/news/laureus-legend-nadia-comaneci-reflects-on-first-perfect-10"
    ],
    "One pound of confectioners sugar equals how many ounces": [
        "https://www.traditionaloven.com/culinary-arts/sugars/confectioners-sugar/convert-pound-lb-confectioner-sugar-to-ounce-oz-confectioner-sugar.html",
        "https://www.bhg.com/recipes/how-to/bake/cups-in-one-pound-powdered-sugar/",
        "https://www.traditionaloven.com/conversions_of_measures/sugar_amounts.html",
        "https://www.chefsresource.com/how-many-cups-are-in-1-box-of-confectioners-sugar/",
        "https://coolconversion.com/cooking-weight-volume/1~lb~of~confectioner%C2%B4s+sugar~to~cup",
        "https://bakeitwithlove.com/cups-in-a-box-of-powdered-sugar/",
        "https://www.chefsresource.com/how-many-cups-is-1-lb-of-confectioners-sugar/",
        "https://www.inchcalculator.com/convert/ounce-sugar-to-cup-sugar/",
        "https://www.bhg.com/recipes/how-to/bake/how-many-cups-in-one-pound-of-sugar/",
        "https://www.chefsresource.com/faq/how-many-cups-is-1-pound-of-confectioners-sugar/"
    ],
    "What skills are needed to become a surgeon to be successful": [],
    "How much does a 1996 chevy lumina weigh": [
        "https://www.kbb.com/chevrolet/lumina/1996/specs/",
        "https://www.edmunds.com/chevrolet/lumina/1996/features-specs/",
        "https://www.cars.com/research/chevrolet-lumina-1996/",
        "https://www.kbb.com/chevrolet/lumina/1996/",
        "https://www.carfolio.com/chevrolet-lumina-sedan-ls-205667",
        "https://www.edmunds.com/chevrolet/lumina-minivan/1996/features-specs/",
        "https://www.kbb.com/chevrolet/lumina-cargo/1996/specs/",
        "https://www.edmunds.com/chevrolet/lumina/1996/sedan/st-17335/features-specs/",
        "https://www.carsdirect.com/1996/chevrolet/lumina",
        "https://www.carfolio.com/chevrolet-lumina-sedan-171732"
    ],
    "The precipitaion of a cougar": [
        "https://animalia.bio/cougar",
        "https://www.forestwildlife.org/how-does-a-cougar-adapt-to-its-environment/",
        "https://en.wikipedia.org/wiki/Cougar",
        "https://animalia.bio/north-american-cougar",
        "https://www.nwf.org/Educational-Resources/Wildlife-Guide/Mammals/Mountain-Lion",
        "https://www.explorationjunkie.com/cougar/",
        "https://www.nationalgeographic.com/animals/mammals/facts/cougar",
        "https://a-z-animals.com/animals/cougar/",
        "https://www.earth.com/news/national-cougar-day-the-crucial-ecological-role-of-cougars/",
        "https://www.exposedwildlifeconservancy.org/chapter/1-what-are-cougars"
    ],
    "What are the Functions of proteins to the body": [
        "https://www.healthline.com/nutrition/functions-of-protein",
        "https://www.verywellhealth.com/what-does-protein-do-8419502",
        "https://bio.libretexts.org/Bookshelves/Introductory_and_General_Biology/General_Biology_(Boundless)/03%3A_Biological_Macromolecules/3.07%3A_Proteins_-_Types_and_Functions_of_Proteins",
        "https://www.verywellhealth.com/what-is-a-protein-5076292",
        "https://medlineplus.gov/genetics/understanding/howgeneswork/protein/",
        "https://www.eufic.org/en/whats-in-food/article/what-are-proteins-and-what-is-their-function-in-the-body",
        "https://www.medicalnewstoday.com/articles/310118",
        "https://www.nature.com/scitable/topicpage/protein-function-14123348/",
        "https://www.thoughtco.com/protein-function-373550",
        "https://pressbooks.oer.hawaii.edu/humannutrition2e22/chapter/6-proteins-functions-in-the-body/"
    ],
    "How much did the vietnam war cost per day": [
        "https://www.thebalancemoney.com/vietnam-war-facts-definition-costs-and-timeline-4154921",
        "https://www.usatoday.com/story/money/2019/06/13/cost-of-war-13-most-expensive-wars-in-us-history/39556983/",
        "https://alphahistory.com/vietnamwar/costs-of-the-vietnam-war/",
        "https://www.statista.com/statistics/1333806/us-military-expenditure-vietnam-war/",
        "https://www.history.com/topics/vietnam-war/vietnam-war-history",
        "https://www.statista.com/topics/10008/us-war-in-vietnam/",
        "https://www.history.navy.mil/research/library/online-reading-room/title-list-alphabetically/c/costs-major-us-wars.html",
        "https://thevietnamwar.info/how-much-vietnam-war-cost/",
        "https://www.britannica.com/event/Vietnam-War",
        "https://www.statista.com/statistics/1334878/vietnam-war-key-inflation-budget-deficit/"
    ],
    "Largest living life on earth": [],
    "The twinkling of stars is caused by": [
        "https://starchild.gsfc.nasa.gov/docs/StarChild/questions/question26.html",
        "https://www.livescience.com/32315-why-do-stars-twinkle.html",
        "https://skyandtelescope.org/astronomy-resources/why-do-stars-twinkle/",
        "https://www.zmescience.com/feature-post/space-astronomy/astronomy-articles/why-stars-twinkle-10112021/",
        "https://en.wikipedia.org/wiki/Twinkling",
        "https://www.youtube.com/watch?v=73c_0ZAqSU0",
        "https://nineplanets.org/questions/stars-appear-twinkle/",
        "https://www.scientificamerican.com/article/why-do-stars-twinkle/",
        "https://starwalk.space/en/news/why-do-stars-twinkle",
        "https://record.umich.edu/articles/mystery-of-twinkling-stars-explained/"
    ],
    "What kind of music is listened toin costa rica": [
        "https://en.wikipedia.org/wiki/Music_of_Costa_Rica",
        "https://costarica.org/people/music/",
        "https://explorecostarica.org/traditional-music-and-dance-a-cultural/",
        "https://www.costarica.com/culture/costa-rican-music",
        "https://www.donquijote.org/costarican-culture/traditions/music/",
        "https://ticotravel.com/the-music-of-costa-rica/",
        "https://www.01centralamerica.com/costa-rica/music-from-costa-rica/",
        "https://www.thenosaracurrent.com/post/music-is-the-heartbeat-of-costa-rica-a-country-with-a-rich-tapestry-of-musical-history-and-styles",
        "https://worldmusiccentral.org/world-music-resources/musician-biographies/costa-rican-music/",
        "https://thecostaricanews.com/the-magic-and-cultural-diversity-of-costa-rican-music/"
    ],
    "Width of a football field in yards": [],
    "What is revolution of the sun": [
        "https://www.britannica.com/video/151528/Earth-rotation-axis-revolution-Sun",
        "https://en.wikipedia.org/wiki/Earth%27s_orbit",
        "https://www.albert.io/blog/earths-rotation-and-revolution/",
        "https://www.thoughtco.com/revolution-geography-definition-1434848",
        "https://www.thoughtco.com/rotation-and-revolution-definition-astronomy-3072287",
        "https://www.astronomy.ohio-state.edu/pogge.1/Ast161/Unit4/movearth.html",
        "https://k12.libretexts.org/Bookshelves/Science_and_Technology/Earth_Science/03%3A_Planet_Earth/3.05%3A_Earth's_Revolutions",
        "https://study.com/academy/lesson/revolution-of-the-earth-speed-effects.html",
        "https://science.nasa.gov/learn/basics-of-space-flight/chapter2-1/",
        "https://geo.libretexts.org/Courses/Lumen_Learning/Book%3A_Physical_Geography_(Lumen)/04%3A_Planet_Earth/4.03%3A_Earths_Motions"
    ],
    "How do snakes adapt to there enviornment": [
        "https://faunafacts.com/snakes/snake-adaptations/",
        "https://www.scientificamerican.com/article/an-evolutionary-big-bang-explains-why-snakes-come-in-so-many-strange-varieties/",
        "https://www.snakesforpets.com/how-do-snakes-adapt-to-the-desert/",
        "https://sciencing.com/snakes-adapt-forest-8701682.html",
        "https://www.atlasobscura.com/articles/garter-snakes-oregon-climate-change",
        "https://zoonerdy.com/what-adaptations-do-snakes-have-to-survive-in-their-environment-2/",
        "https://www.nationalobserver.com/2021/04/29/news/what-snakes-can-teach-us-climate-change",
        "https://www.cornell.edu/video/snake-behavior-feeding-diversity",
        "https://www.nature.com/articles/s41598-019-44732-z",
        "https://animalcorner.org/animals/snakes/"
    ],
    "Lil wayne 's favorite type of movie": [
        "https://www.ranker.com/list/best-lil-wayne-movies-list-of-lil-wayne-films/reference",
        "https://www.reeditionmagazine.com/to-the-minute/the-best-lil-wayne-movies-a-comprehensive-guide-to-his-cinematic-contributions",
        "https://www.tvguide.com/celebrities/lil-wayne/credits/3030057363/",
        "https://celebrityinside.com/music/rapper-lil-wayne-favorite-movie-color-cars-number-biography/",
        "https://www.lilwaynehq.com/filmography/",
        "https://www.imdb.com/filmosearch/?sort=year&role=nm1211443",
        "https://ilianahughes.medium.com/lil-wayne-movies-listed-in-order-36d26bf70905",
        "https://www.rottentomatoes.com/celebrity/1135309-lil_wayne",
        "https://en.wikipedia.org/wiki/The_Carter",
        "https://www.aceshowbiz.com/celebrity/lil_wayne/filmography.html"
    ],
    "Where to get legendary pokemon on tppcrpg": [
        "https://wiki.tppc.info/Legendary_Pok%C3%A9mon",
        "https://forums.tppc.info/showthread.php?t=149516",
        "https://tpkrpg.net/forums/view_thread.php?id=4034",
        "https://bulbapedia.bulbagarden.net/wiki/TPPC",
        "https://wiki.tppc.info/Pokemon_Locations",
        "https://wiki.tppc.info/Training_Accounts",
        "https://wiki.pokerogue.net/guides:legendary_locations_guide",
        "https://www.tppcrpg.net/",
        "https://www.reddit.com/r/tppcrpg/",
        "https://www.serebii.net/pokemon/legendary.shtml"
    ],
    "What is moon jelly a radial or bilateral": [
        "https://animaldiversity.org/accounts/Aurelia_aurita/",
        "https://en.wikipedia.org/wiki/Aurelia_aurita",
        "https://www.americanoceans.org/species/moon-jelly/",
        "https://www.marinelab.org/marinelab-blog/toqh7dbyqv3c5i9ci92f00elcstifb",
        "https://indianapublicmedia.org/amomentofscience/the-radical-radial-summetry-of-moon-jellyfish.php",
        "https://oceanconservancy.org/blog/2020/01/31/finding-symmetry-ocean/",
        "https://www.theatlantic.com/technology/archive/2015/06/jellyfish-regenerate-stay-symmetrical/396029/",
        "https://www.pbs.org/wgbh/nova/article/the-strength-of-moon-jellies-muscles-help-them-perpetually-self-heal/",
        "https://www.montereybayaquarium.org/animals/animals-a-to-z/moon-jelly",
        "https://animaldiversity.org/accounts/Aurelia_labiata/"
    ],
    "Does she love corbin blu": [
        "https://people.com/tv/who-is-sasha-clements-corbin-bleu/",
        "https://www.sportskeeda.com/pop-culture/who-corbin-bleu-married-to-high-school-musical-star-monique-coleman-opens-former-s-emotional-support",
        "https://culturess.com/2021/07/31/interview-hallmark-channel-corbin-bleu-love-for-real/",
        "https://www.eonline.com/news/1354229/see-the-moment-corbin-bleu-met-future-wife-sasha-in-the-grocery-store",
        "https://www.thelist.com/675579/inside-monique-coleman-and-corbin-bleus-relationship/",
        "https://people.com/corbin-bleu-shares-favorite-wedding-memory-with-sasha-clements-exclusive-8648881",
        "https://people.com/celebrity/corbin-bleu-wedding-photos/",
        "https://www.yahoo.com/entertainment/see-moment-corbin-bleu-met-025700813.html",
        "https://www.etonline.com/news/193996_corbin_bleu_marries_longtime_love_sasha_clements",
        "https://news.amomama.com/211644-corbin-bleu-is-happily-married-sasha-cle.html"
    ],
    "What is grammatical cohesion": [
        "https://academicmarker.com/academic-guidance/vocabulary/cohesive-devices/what-are-the-four-types-of-grammatical-cohesion/",
        "https://en.wikipedia.org/wiki/Cohesion_(linguistics)",
        "https://aeo.sllf.qmul.ac.uk/writing/cohesion-and-coherence/",
        "https://eltconcourse.com/training/initial/grammar_essentials/cohesion_essentials.html",
        "https://study.com/academy/lesson/elements-of-cohesion-in-writing.html",
        "https://www.myenglishpages.com/writing-cohesion-and-coherence-in-essays/",
        "https://americanenglish.state.gov/files/ae/resource_files/etf_55_4_02-13_-_title__improving_cohesion_in_l2_writing__a_three-strand_approach_to_building_lexical_cohesion__0.pdf",
        "https://www.eslfluency.com/language-skills/writing/cohesion-and-coherence/5856/",
        "https://www.degruyter.com/document/doi/10.1080/21698252.2017.1417687/html",
        "https://www.teachingenglish.org.uk/professional-development/teachers/knowing-subject/c/cohesion"
    ],
    "What family does a lizard come from": [
        "https://www.britannica.com/animal/lizard",
        "https://en.wikipedia.org/wiki/Lizard",
        "https://www.britannica.com/animal/lizard/Annotated-classification",
        "https://animalcorner.org/animals/lizards/",
        "https://www.britannica.com/animal/lizard/Natural-history",
        "https://en.wikipedia.org/wiki/Evolution_of_reptiles",
        "http://www.cyberlizard.org.uk/lizards_families.html",
        "https://kids.britannica.com/kids/article/lizard/353393",
        "https://dinoanimals.com/animals/lizards/",
        "https://basicbiology.net/animal/reptiles/lizards"
    ],
    "How much do event planners make yearly": [
        "https://www.payscale.com/research/US/Job=Event_Planner/Salary",
        "https://www.indeed.com/career-advice/pay-salary/how-much-do-event-planners-make",
        "https://www.glassdoor.com/Salaries/event-planner-salary-SRCH_KO0,13.htm",
        "https://www.indeed.com/career/event-planner/salaries",
        "https://www.careerexplorer.com/careers/event-planner/salary/",
        "https://www.thimble.com/blog/how-much-do-event-planners-make",
        "https://www.glassdoor.com/Salaries/events-planner-salary-SRCH_KO0,14.htm",
        "https://www.salary.com/research/salary/recruiting/event-planner-salary",
        "https://builtin.com/salaries/marketing/event-planner",
        "https://money.usnews.com/careers/best-jobs/meeting-convention-and-event-planner/salary"
    ],
    "What did the person that invented the first motor bike look like": [
        "https://science.howstuffworks.com/innovation/inventions/first-motorcycle.htm",
        "http://www.bicyclehistory.net/motorcycle-history/first-motorcycle/",
        "https://www.thoughtco.com/history-of-the-motorcycle-1992151",
        "https://www.thevintagenews.com/2016/03/20/first-motorcycle-built-1885-called-reitwagen-riding-car/",
        "https://en.wikipedia.org/wiki/History_of_the_motorcycle",
        "https://www.topspeed.com/motorcycles/motorcycle-news/who-invented-motorcycles-the-story-of-the-first-motorcycle/",
        "https://www.discoverwalks.com/blog/world/who-invented-the-motorcycle-key-facts-and-dates/",
        "https://www.wired.com/2011/08/0830daimler-first-true-motorcycle/",
        "https://www.visordown.com/features/general/who-invented-motorcycle",
        "https://ridersturf.com/history-of-motorcycle-invention/"
    ],
    "What are some cloven hooved animals": [],
    "1963 five dollar bill with red serial numbers": [
        "https://oldcurrencyvalues.com/1963_five_dollar_bills/",
        "https://oldcurrencyvalues.com/red_seal_five_dollar_bills/",
        "https://www.coinvaluechecker.com/how-much-is-1963-5-dollar-bill-worth/",
        "https://www.33rdsquare.com/1963-5-dollar-bill-value/",
        "https://www.historytools.org/collectible/1963-5-dollar-bill-value",
        "https://www.papermoneywanted.com/1963-five-dollar-legal-tender-or-united-states-notes",
        "https://www.coinvaluelookup.com/how-much-is-a-1963-5-bill-worth/",
        "https://www.uscurrencyauctions.com/$5-us-currency-value-price-guide.html",
        "https://www.liveauctioneers.com/price-result/1963-5-bill-red-seal/",
        "https://en.numista.com/catalogue/note201830.html"
    ],
    "How do you get rid of acene fast": [
        "https://www.wikihow.com/Get-Rid-of-Acne-Fast",
        "https://www.glamour.com/story/how-to-get-rid-of-a-pimple",
        "https://www.healthline.com/nutrition/13-acne-remedies",
        "https://www.wikihow.com/Heal-Acne-Fast-and-Naturally",
        "https://health.clevelandclinic.org/a-dermatologists-advice-on-how-to-get-rid-of-a-pimple",
        "https://www.goodhousekeeping.com/beauty/anti-aging/a36395/how-to-quickly-get-rid-of-pimples/",
        "https://www.byrdie.com/acne-treatments-7973185",
        "https://www.healthline.com/nutrition/get-rid-of-pimples-fast",
        "https://www.mayoclinic.org/diseases-conditions/acne/diagnosis-treatment/drc-20368048",
        "https://www.verywellhealth.com/how-to-get-rid-of-pimples-7853364"
    ],
    "What is a moderately slow oven": [
        "https://recipes.net/articles/oven-temperature-conversion/",
        "https://www.womensweeklyfood.com.au/foodie-facts/oven-temperature-conversions-1314/",
        "https://en.wikipedia.org/wiki/Oven_temperatures",
        "https://www.chefsresource.com/what-temperature-is-a-moderate-oven/",
        "https://www.homemade-dessert-recipes.com/oven-temperature-guide.html",
        "https://www.apronfreecooking.com/hints-and-tips/oven-temperature-chart/",
        "https://www.thecalculatorsite.com/cooking/oven-temperatures.php",
        "https://recipegoldmine.com/kitchart/oven-temperature-conversion.html",
        "https://www.bostongirlbakes.com/oven-baking-temperatures/",
        "https://www.bakinglikeachef.com/oven-temperature-conversion-chart/"
    ],
    "Are Lea and cory dating": [
        "https://www.thelist.com/952614/the-truth-about-cory-monteiths-relationship-with-lea-michele/",
        "https://www.nickiswift.com/672718/the-truth-about-lea-michele-and-cory-monteiths-relationship/",
        "https://www.eonline.com/news/1391868/glees-kevin-mchale-reveals-surprising-way-he-learned-lea-michele-cory-monteith-were-dating-irl",
        "https://www.buzzfeed.com/ashleyperez/a-timeline-of-cory-monteith-and-lea-micheles-relationship",
        "https://www.eonline.com/news/1361520/cory-monteiths-friend-reflects-on-glee-stars-relationship-with-lea-michele",
        "https://www.lifeandstylemag.com/posts/lea-michele-and-cory-monteiths-relationship-timeline-started-on-glee/",
        "https://www.j-14.com/posts/cory-monteith-and-lea-michele-complete-relationship-timeline/",
        "https://www.thelist.com/stories/the-truth-about-cory-monteiths-relationship-with-lea-michele/",
        "https://www.youtube.com/watch?v=MWqfXvC6rEE",
        "https://www.eonline.com/news/1380062/how-lea-michele-is-honoring-cory-monteiths-light-10-years-after-his-tragic-death"
    ],
    "What are some commensasm relationships": [
        "https://wildlifeinformer.com/examples-of-commensalism-relationships/",
        "https://www.thoughtco.com/commensalism-definition-and-examples-4114713",
        "https://www.worldatlas.com/animals/10-examples-of-commensalism-in-nature.html",
        "https://www.britannica.com/science/commensalism",
        "https://www.sciencefacts.net/commensalism.html",
        "https://sciencenotes.org/commensalism-definition-and-examples/",
        "https://biologydictionary.net/commensalism/",
        "https://faunafacts.com/commensalism/",
        "https://en.wikipedia.org/wiki/Commensalism",
        "https://www.britannica.com/science/community-ecology/Commensalism-and-other-types-of-interaction"
    ],
    "Where are the Black Hills located": [
        "https://www.britannica.com/place/Black-Hills",
        "https://en.wikipedia.org/wiki/Black_Hills",
        "https://www.blackhillsbadlands.com/",
        "https://morethanjustparks.com/black-hills-national-forest/",
        "https://www.worldatlas.com/mountains/black-hills-south-dakota.html",
        "https://www.fs.usda.gov/blackhills",
        "https://www.fs.usda.gov/main/blackhills/about-forest",
        "https://www.visittheusa.com/destination/black-hills",
        "https://www.travelsouthdakota.com/trip-ideas/story/14-surprising-facts-about-south-dakotas-black-hills-and-badlands",
        "https://www.blackhillsbadlands.com/maps"
    ],
    "What caused worldwide economic crisis": [
        "https://www.britannica.com/money/financial-crisis-of-2007-2008",
        "https://en.wikipedia.org/wiki/2007%E2%80%932008_financial_crisis",
        "https://www.pbs.org/newshour/show/how-the-2008-financial-crisis-crashed-the-economy-and-changed-the-world",
        "https://www.statista.com/topics/10195/the-global-financial-crisis/",
        "https://academic.oup.com/rcfs/article/4/2/155/1555737",
        "https://www.history.com/topics/21st-century/recession",
        "https://www.thebalancemoney.com/what-caused-2008-global-financial-crisis-3306176",
        "https://www.investopedia.com/terms/f/financial-crisis.asp",
        "https://www.worldbank.org/en/news/feature/2020/06/08/the-global-economic-outlook-during-the-covid-19-pandemic-a-changed-world",
        "https://news.un.org/en/story/2021/05/1091672"
    ],
    "Where does a snowstorm less likely happen": [
        "https://en.wikipedia.org/wiki/Thundersnow",
        "https://scied.ucar.edu/learning-zone/storms/winter-storms",
        "https://nsidc.org/learn/parts-cryosphere/snow/science-snow",
        "https://www.reddit.com/r/askscience/comments/18ozi0/why_do_storms_seem_to_be_worse_at_night/",
        "https://www.snexplores.org/article/many-different-snowstorms-science-weather",
        "https://scied.ucar.edu/learning-zone/storms/blizzards",
        "https://kids.nationalgeographic.com/science/article/blizzards",
        "https://nsidc.org/learn/parts-cryosphere/snow/why-snow-matters",
        "https://www.nationalgeographic.org/article/maybe-its-cold-outside/",
        "https://www.discovermagazine.com/planet-earth/how-winter-storms-become-blizzards"
    ],
    "Class action lawsuit": [
        "https://www.classaction.org/list-of-lawsuits",
        "https://topclassactions.com/category/lawsuit-settlements/open-lawsuit-settlements/",
        "https://www.classaction.org/",
        "https://www.classaction.com/",
        "https://www.classaction.org/settlements",
        "https://www.classaction.com/lawsuits/",
        "https://www.forbes.com/advisor/legal/personal-injury/how-start-class-action-lawsuit/",
        "https://www.investopedia.com/terms/c/classaction.asp",
        "https://www.nolo.com/legal-encyclopedia/what-is-a-class-action.html",
        "https://www.consumer-action.org/lawsuits/by-status/open"
    ],
    "Stratified random sampling": [],
    "Number of quarters in a roll": [
        "https://www.thesprucecrafts.com/number-of-coins-in-roll-768862",
        "https://www.uscoinsvalue.com/how-many-quarters-in-a-roll/",
        "https://learn.apmex.com/answers/how-many-coins-are-in-a-standard-u-s-roll/",
        "https://www.33rdsquare.com/how-many-quarters-in-a-roll/",
        "https://coins.thefuntimesguide.com/coin-rolls/",
        "https://cointrackers.com/blog/39/how-many-coins-are-in-a-roll/",
        "https://www.supermoney.com/how-much-is-roll-of-quarters",
        "https://sdbullion.com/blog/how-many-quarters-in-a-roll",
        "https://outsidethebadge.com/how-many-quarters-in-a-roll/",
        "https://moneywise.com/banking/banking-basics/how-to-roll-coins"
    ],
    "Who was in spains first government": [
        "https://en.wikipedia.org/wiki/History_of_Spain",
        "https://www.britannica.com/place/Spain/Government-and-society",
        "https://www.worldhistory.org/article/2017/colonial-government-in-the-spanish-empire/",
        "https://en.wikipedia.org/wiki/Politics_of_Spain",
        "https://en.wikipedia.org/wiki/First_Spanish_Republic",
        "https://www.britannica.com/place/Spain/History",
        "https://archive.org/details/spainsfirstdemoc0000payn",
        "https://assets.cambridge.org/97805218/43331/excerpt/9780521843331_excerpt.pdf",
        "https://www.britannica.com/place/Spain",
        "https://www.cia.gov/the-world-factbook/countries/spain/"
    ],
    "What si social darwinism": [],
    "Persecution of the christian church": [
        "https://en.wikipedia.org/wiki/Persecution_of_Christians",
        "https://www.opendoors.org/en-US/persecution/countries/",
        "https://www.historytoday.com/archive/causes-early-persecutions",
        "https://www.christianity.com/church/church-history/why-early-christians-were-despised-11629610.html",
        "https://en.wikipedia.org/wiki/Persecution_of_Christians_in_the_New_Testament",
        "https://www.vaticannews.va/en/church/news/2024-01/anti-christian-persecution-on-the-rise-according-to-open-doors.html",
        "https://www.christianitytoday.com/1990/07/persecution-in-early-church-did-you-know/",
        "https://en.wikipedia.org/wiki/Persecution_of_Christians_in_the_Roman_Empire",
        "https://academic.oup.com/past/article/261/1/3/6982747",
        "https://www.bbc.com/news/uk-48146305"
    ],
    "Where does saltwater sponges live": [
        "https://animals.net/sea-sponge/",
        "https://oceanservice.noaa.gov/facts/sponge.html",
        "https://myreef.aquariumdepot.com/how-to-look-after-sea-sponges/",
        "https://en.wikipedia.org/wiki/Sponge",
        "https://oceaninfo.com/animals/sea-sponge/",
        "https://www.algaebarn.com/blog/saltwater-aquariums/sponges/sponges-in-the-marine-aquarium/",
        "https://manoa.hawaii.edu/exploringourfluidearth/biological/invertebrates/phylum-porifera",
        "https://www.thoughtco.com/sponges-profile-2291833",
        "https://www.britannica.com/animal/sponge-animal",
        "https://oceanexplorer.noaa.gov/facts/sponge-diversity.html"
    ],
    "The photic zone has an maximum depth of": [
        "https://en.wikipedia.org/wiki/Photic_zone",
        "https://www.britannica.com/science/photic-zone",
        "https://rwu.pressbooks.pub/webboceanography/chapter/6-5-light/",
        "https://sciencestruck.com/helpful-guide-to-understand-photic-zone",
        "https://thisvsthat.io/aphotic-zone-vs-photic-zone",
        "https://www.encyclopedia.com/science/encyclopedias-almanacs-transcripts-and-maps/photic-zone-0",
        "https://library.fiveable.me/key-terms/concepts-bio/photic-zone",
        "https://sciencequery.com/what-is-photic-zone/",
        "https://bio.libretexts.org/Bookshelves/Introductory_and_General_Biology/Book%3A_Introductory_Biology_(CK-12)/06%3A_Ecology/6.11%3A_Aquatic_Biomes",
        "https://k12.libretexts.org/Bookshelves/Science_and_Technology/Earth_Science/09%3A_Earth's_Oceans/9.03%3A_Ocean_Zones"
    ],
    "Blue and pink make what": [
        "https://thecolorsmeaning.com/what-color-blue-pink-make-mixed/",
        "https://www.color-meanings.com/what-color-blue-pink-make-mixed/",
        "https://colordesigner.io/color-mixer",
        "https://artincontext.org/what-color-does-blue-and-pink-make/",
        "https://www.colorpsychology.org/what-color-do-blue-and-pink-make-when-mixed/",
        "https://www.homemade-gifts-made-easy.com/mixing-blue-and-pink.html",
        "https://nicklachey.com/mixing-pink-and-blue-what-color-do-they-create/",
        "https://thisweekinlibraries.com/mixing-pink-and-blue-exploring-the-resulting-color/",
        "https://thisweekinlibraries.com/what-color-do-blue-and-pink-make/",
        "https://thecolorsmeaning.com/color-mixing-chart-guide/"
    ],
    "What are the various irrigation practices in the villages": [
        "https://www.villagescommunity.com/news/-what-are-the-current-watering-guidelines",
        "https://www.districtgov.org/departments/utilities/irrigation.aspx",
        "https://www.talkofthevillages.com/forums/villages-florida-general-discussion-73/lawn-irrigation-questions-317456/",
        "https://www.talkofthevillages.com/forums/landscape-talk-129/watering-schedule-320894/",
        "https://www.nationalgeographic.org/encyclopedia/irrigation/",
        "https://en.wikipedia.org/wiki/Irrigation",
        "https://www.usgs.gov/special-topics/water-science-school/science/irrigation-methods-a-quick-look",
        "https://link.springer.com/article/10.1007/s40030-021-00569-2",
        "https://www.academia.edu/15795230/Irrigation_practices_irrigation_development_interventions_and_local_politics_Re_thinking_the_role_of_place_over_time_in_a_village_in_Baltistan_in_central_Karakorum",
        "https://study.com/academy/lesson/definition-types-of-irrigation.html"
    ],
    "How do you care for newborn pitbull pups": [
        "https://pethelpful.com/dogs/pit-bull-puppies-from-birth-to-six-weeks",
        "https://vetexplainspets.com/how-to-take-care-of-baby-pitbulls/",
        "https://www.pawtracks.com/dogs/care-for-pitbull-puppy/",
        "https://www.wikihow.com/Take-Care-of-a-Pitbull-Puppy",
        "https://nedhardy.com/2020/06/01/new-pit-bull-owners/",
        "https://www.youtube.com/watch?v=P1V3DopE0us",
        "https://www.rover.com/blog/pitbull-puppies-everything-you-need-to-know/",
        "https://thepitbullcenter.com/pit-bull-care/",
        "https://petventuresbook.com/blogs/dog-breeds/owners-guide-to-pitbull-puppies",
        "https://vetexplainspets.com/how-to-take-care-of-a-pitbull-puppy/"
    ],
    "10 common defects characteristics in timber": [
        "https://civiltoday.com/civil-engineering-materials/timber/85-defects-in-timber-types-and-reasons",
        "https://www.decks.com/how-to/articles/common-wood-defects-types-causes-of-lumber-issues",
        "https://northcastlehw.com/blogs/wood/lumber-defects-explained-causes-and-effects",
        "https://woodworkhub.us/wood-and-lumber-for-woodworking/understanding-wood-defects-imperfections/",
        "https://www.wildedgewoodcraft.com/blog/11-most-common-lumber-defects-and-their-remedies",
        "https://www.woodworkingnetwork.com/best-practices-guide/solid-wood-machining/understanding-working-wood-defects",
        "https://civilengineeringx.com/traditional-materials/defects-in-timber/",
        "https://treetotimber.com/defects-in-timbers-types-and-prevention/",
        "https://wknightconsulting.com/types-of-defects-in-timber/",
        "https://civilseek.com/defects-in-timber/"
    ],
    "What are chinas important landmarks": [
        "https://www.chinahighlights.com/travelguide/article-china-landmarks.htm",
        "https://www.travelchinaguide.com/cityguides/famous-landmarks.htm",
        "https://www.destguides.com/china/china-landmarks-famous-landmarks-in-china",
        "https://thetripgoeson.com/china-landmarks/",
        "https://www.chinahighlights.com/travelguide/china-top-10-attractions.htm",
        "https://inspiredbymaps.com/famous-landmarks-of-china/",
        "https://theadventurousfeet.com/china-landmarks-most-beautiful-places-in-china/",
        "https://www.destguides.com/china/china-landmarks-famous-landmarks-in-china-visual-story",
        "https://www.jonesaroundtheworld.com/famous-landmarks-in-china/",
        "https://thetravelscribes.com/landmarks-in-china/"
    ],
    "What are utahs four largest cities": [
        "https://www.biggestuscities.com/ut",
        "https://www.worldatlas.com/cities/10-largest-cities-in-utah.html",
        "https://worldpopulationreview.com/us-cities/utah",
        "https://www.biggestuscities.com/ut/2020",
        "https://www.areavibes.com/ut/largest-cities/",
        "https://www.lavidanomad.com/biggest-cities-in-utah/",
        "https://www.biggestuscities.com/ut/2019",
        "https://www.measuredhs.com/top-10-largest-utah-cities-by-population/",
        "https://propertyclub.nyc/article/largest-cities-in-utah",
        "https://www.top10cities.net/country/usa-utah.php"
    ],
    "What are two powers that the legislative branch has": [
        "https://classroom.synonym.com/what-powers-does-the-legislative-branch-have-12082815.html",
        "https://www.whitehouse.gov/about-the-white-house/our-government/the-legislative-branch/",
        "https://www.history.com/topics/us-government-and-politics/legislative-branch",
        "https://www.britannica.com/study/legislative-branch",
        "https://constitution.congress.gov/browse/essay/artI-S1-2-4/ALDE_00001314/['article',%20'2',%20'branch',%20'powers']",
        "https://www.law.cornell.edu/constitution/articlei",
        "https://constitution.congress.gov/browse/essay/artI-1/ALDE_00000242/",
        "https://www.thoughtco.com/the-legislative-branch-of-us-government-3322299",
        "https://www.history.com/topics/us-government-and-politics/three-branches-of-government",
        "https://constitutioncenter.org/education/constitution-101-curriculum/7-the-legislative-branch-how-congress-works"
    ],
    "Branches on every division of philosophy": [
        "https://www.thecollector.com/what-are-the-branches-of-philosophy/",
        "https://en.wikipedia.org/wiki/Outline_of_philosophy",
        "https://en.wikibooks.org/wiki/Introduction_to_Philosophy/The_Branches_of_Philosophy",
        "https://leverageedu.com/blog/branches-of-philosophy/",
        "https://www.worldatlas.com/philosophy/what-are-the-major-branches-of-philosophy.html",
        "https://www.philosophybasics.com/branch.html",
        "https://philosophy.lander.edu/intro/what.shtml",
        "https://philosophybreak.com/what-is-philosophy-definition-4-core-branches/",
        "https://philosophy.lander.edu/intro/what.html",
        "https://libguides.francis.edu/c.php?g=182116&p=1199480"
    ],
    "What do the people in lebanon speak": [
        "https://www.worldatlas.com/articles/what-languages-are-spoken-in-lebanon.html",
        "https://en.wikipedia.org/wiki/Languages_of_Lebanon",
        "https://www.commisceo-global.com/resources/country-guides/lebanon-guide",
        "https://en.wikipedia.org/wiki/Lebanese_Arabic",
        "https://higherlanguage.com/what-language-do-they-speak-in-lebanon/",
        "https://talkinarabic.com/levantine/what-language-is-spoken-in-lebanon/",
        "https://www.worldatlas.com/articles/the-culture-of-lebanon.html"
    ],
    "What is the reason for the novel The Da Vinci Code": [
        "https://www.bbc.co.uk/programmes/articles/5nD9yKRX1SyhRdP0ZX95qm7/the-strange-true-story-behind-the-da-vinci-code",
        "https://en.wikipedia.org/wiki/The_Da_Vinci_Code",
        "https://www.sparknotes.com/lit/davincicode/summary/",
        "https://bookanalysis.com/dan-brown/the-da-vinci-code/summary/",
        "https://bookanalysis.com/dan-brown/the-da-vinci-code/",
        "https://www.supersummary.com/the-da-vinci-code/summary/",
        "https://bookanalysis.com/dan-brown/the-da-vinci-code/review/",
        "https://www.enotes.com/topics/da-vinci",
        "https://www.sparknotes.com/lit/davincicode/",
        "https://bookbrief.io/books/the-da-vinci-code-dan-brown/summary"
    ],
    "How many millimeter in one liter": [
        "https://www.unitconverters.net/volume/l-to-ml.htm",
        "https://www.calculateme.com/volume/liters/to-milliliters/1",
        "https://www.thecalculatorsite.com/conversions/liquidvolume/milliliters-to-liters.php",
        "https://www.unitconverters.net/volume/ml-to-l.htm",
        "https://www.convertunits.com/from/ml/to/liter",
        "https://www.checkyourmath.com/convert/volume/ml_liters.php",
        "https://www.splashlearn.com/math-vocabulary/milliliter-to-liter",
        "https://www.calculateme.com/volume/liters/to-milliliters/",
        "https://www.convertworld.com/en/volume/litre/l-to-ml.html",
        "https://www.calculatorology.com/how-many-ml-in-a-liter/"
    ],
    "What language do people speak in Angola": [
        "https://en.wikipedia.org/wiki/Languages_of_Angola",
        "https://www.worldatlas.com/articles/what-languages-are-spoken-in-angola.html",
        "https://www.youtube.com/watch?v=G2bL92Xdgfw",
        "https://www.justlanded.com/english/Angola/Angola-Guide/Language/Languages-in-Angola",
        "https://www.commisceo-global.com/resources/country-guides/angola-guide",
        "https://worldwisefacts.com/what-language-is-spoken-in-angola/",
        "https://www.wikiwand.com/en/articles/Languages_of_Angola",
        "https://www.getblend.com/blog/languages-of-angola/",
        "https://carmentablog.com/the-languages-of-angola-a-journey-through-the-countrys-multilingual-society/",
        "https://wikimili.com/en/Languages_of_Angola"
    ],
    "How can you delete your millsberry": [
        "https://www.answers.com/computer-science/How_do_you_delete_a_millsberry_account",
        "https://www.youtube.com/watch?v=YsrgCdEATTc",
        "https://www.reddit.com/r/nostalgia/comments/imbol5/did_anyone_else_play_millsberry_im_still_sad_it/",
        "https://gameslikefinder.com/article/gaming-archive-millsberry/",
        "https://www.reddit.com/r/NoStupidQuestions/comments/l7m9vr/does_anyone_remember_the_website_millsberry_why/",
        "https://www.youtube.com/watch?v=t6wB1A6cMpk",
        "https://www.reddit.com/r/Zillennials/comments/1bl4kcx/so_whos_bringing_back_millsberry/",
        "https://www.salon.com/2022/11/07/revisiting-millsberry-the-wild-rise-and-fall-of-general-mills-virtual-cereal-themed-town/",
        "https://millsberry.fandom.com/wiki/Millsberry",
        "https://www.facebook.com/rememberingmillsberry/"
    ],
    "Would be a key to preventing future genocide": [
        "https://www.ids.ac.uk/news/what-can-be-done-to-prevent-genocide/",
        "https://en.wikipedia.org/wiki/Genocide_prevention",
        "https://themoderatevoice.com/steps-for-preventing-future-genocides-a-look-at-genocide-throughout-the-world/",
        "https://www.unesco.org/en/articles/critical-thinking-and-learning-about-past-are-key-preventing-future-genocides",
        "https://www.un.org/en/genocideprevention/15th-anniversary.shtml",
        "https://www.un.org/en/genocide-prevention/",
        "https://www.ushmm.org/genocide-prevention/blog/international-response-to-prevent-future-genocides",
        "https://newsroom.ucla.edu/stories/when-it-comes-to-stopping-genocide-theres-a-will-but-not-a-way",
        "https://news.un.org/en/story/2023/01/1132792",
        "https://earlywarningproject.ushmm.org/reports/countries-at-risk-for-mass-killing-2023-24-early-warning-project-statistical-risk-assessment-results"
    ],
    "How many teaspoons in one half ounce liquid": [
        "https://www.inchcalculator.com/convert/ounce-to-teaspoon/",
        "https://ezunitconverter.com/volume/ounce/teaspoon/1%7C2",
        "https://www.inchcalculator.com/convert/fluid-ounce-to-teaspoon/",
        "https://www.calculateme.com/volume/fluid-ounces/to-teaspoons/",
        "https://www.calculateme.com/volume/fluid-ounces/to-teaspoons/1",
        "https://www.unitconverters.net/volume/teaspoon-us-to-fluid-ounce-us.htm",
        "https://www.convertunits.com/from/oz/to/tsp",
        "https://www.asknumbers.com/teaspoon-to-ounce.aspx",
        "https://convertunits.online/food-conversion/ounces-to-teaspoons/",
        "https://www.conversion-metric.org/volume/ounce-to-teaspoon"
    ],
    "What are some cheerleading facts": [],
    "When is the coast guard day celebrated": [],
    "How far away it is from mercury": [],
    "Code for rip jaws in dna": [
        "https://ben10.fandom.com/wiki/Ripjaws_(Classic)",
        "https://www.youtube.com/watch?v=jTsXDK8gAMw",
        "https://ben10.fandom.com/wiki/Ripjaws",
        "https://www.reddit.com/r/Ben10/comments/vv3d4x/codes_for_the_alien_dna_lab_if_you_guys_want_to/",
        "https://www.youtube.com/watch?v=w6FMaS8fNok",
        "https://www.youtube.com/watch?v=vuMhWVw9B7Q",
        "https://ben-10-list.fandom.com/wiki/Ripjaws",
        "https://ben10.fandom.com/wiki/Ripjaws_(Reboot)",
        "https://bio.libretexts.org/Workbench/Principles_of_the_Human_Body/9%3A_DNA_and_Protein_Synthesis/9.05%3A_Genetic_Code",
        "https://ben10verse.fandom.com/wiki/Ripjaws"
    ],
    "Worlds largest chicken": [
        "https://dailychickens.com/largest-chicken-breeds/",
        "https://www.knowyourchickens.com/largest-chicken-breed/",
        "https://www.h2ouse.org/largest-chicken-breed/",
        "https://rurallivingtoday.com/backyard-chickens-roosters/largest-chicken-breeds/",
        "https://www.nypots.com/biggest-chicken-in-the-world/",
        "https://a-z-animals.com/animals/chicken/chicken-facts/10-largest-chickens/",
        "https://www.outdoorhappens.com/largest-chicken-breed-biggest-chicken-in-the-world/",
        "https://largest.org/animals/chicken-breeds/",
        "https://animals.howstuffworks.com/birds/largest-chicken-breed.htm",
        "https://mychickenguide.com/chicken-care/breeds/biggest-chicken-breed/"
    ],
    "What is the postal code of kentucky": [
        "https://www.zip-codes.com/state/ky.asp",
        "https://www.unitedstateszipcodes.org/ky/",
        "https://www.zipcodestogo.com/Kentucky/",
        "https://zipcodes-us.com/zip/ky",
        "https://www.randymajors.org/zipcodegmap?state=KY&onestate=show&labels=show",
        "https://us-postoffice.com/zip-codes/kentucky",
        "https://www.geonames.org/postal-codes/US/KY/kentucky.html",
        "https://thezipcodeapp.com/Kentucky",
        "https://www.zipdatamaps.com/en/us/zip-list/state/zip-codes-in-kentucky",
        "https://postal.codesofcountry.com/united-states/kentucky"
    ],
    "What creates a sandstorm": [
        "https://en.wikipedia.org/wiki/Dust_storm",
        "https://eartheclipse.com/environment/sandstorms-causes-effects-facts.html",
        "https://ownyourweather.com/what-is-a-dust-storm/",
        "https://www.nationalgeographic.com/environment/article/are-dust-storms-getting-worse-heres-why-theyre-so-destructive",
        "https://www.wonderopolis.org/wonder/what-causes-sandstorms",
        "https://scijinks.gov/dust-storm/",
        "https://www.accuweather.com/en/accuweather-ready/how-and-where-dust-storms-occur/686881",
        "https://www.dw.com/en/sandstorms-what-are-they-and-why-are-they-more-frequent/a-69630626",
        "https://www.unep.org/news-and-stories/story/climate-changes-sand-storms-wreak-havoc-desert-communities",
        "https://www.unccd.int/land-and-life/sand-dust-storm/overview"
    ],
    "How much does a pound of marijuana cost in the us": [
        "https://tripsitter.com/cannabis/cost/",
        "https://cannabissensei.com/how-much-is-a-pound-of-weed/",
        "https://marijuanarates.com/marijuana-prices-state-average-prices-shop/",
        "https://worldpopulationreview.com/state-rankings/marijuana-cost-by-state",
        "https://oxfordtreatment.com/substance-abuse/marijuana/average-cost-of-marijuana/",
        "https://www.leafly.com/news/industry/us-marijuana-harvest-price-report-2020",
        "https://loudcloudhealth.com/resources/how-much-is-a-pound-of-weed/",
        "https://www.marijuanadoctors.com/blog/average-cost-of-cannabis-across-the-united-states/",
        "https://ogseeds.com/guides/how-much-is-a-pound-of-cannabis/",
        "https://flavorfix.com/guides/how-much-does-weed-cost/"
    ],
    "How do you get the keys in sleuthhound": [
        "https://www.youtube.com/watch?v=nefkbU1pOWs",
        "https://www.youtube.com/watch?v=FL6ds5KrVtU",
        "https://forums2.battleon.com/f/tm.asp?m=17362925",
        "https://www.youtube.com/watch?v=ZHIwK_CaFZM",
        "https://www.answers.com/archaeology/Where_is_the_skull_key_at_sleuthhound_inn_on_aqw",
        "http://aqwwiki.wikidot.com/sleuthhound-inn",
        "https://forums2.battleon.com/f/tm.asp?m=22115722",
        "https://www.usatoday.com/story/news/politics/elections/2024/09/11/takeaways-trump-harris-debate/74896096007/",
        "https://www.nbcnews.com/politics/2024-election/presidential-debate-takeaways-trump-harris-rcna169060",
        "https://www.fool.com/retirement/2024/09/09/do-women-get-more-money-from-social-security/"
    ],
    "Where is the largest bridgewho built itwhat kind of bridge is it": [
        "https://www.treehugger.com/worlds-longest-bridges-4869197",
        "https://www.livescience.com/34448-worlds-longest-bridge.html",
        "https://nerdable.com/list/largest-bridge-in-the-world/",
        "https://www.worldatlas.com/articles/20-longest-bridges-in-the-world.html",
        "https://science.howstuffworks.com/engineering/civil/longest-bridges-in-world.htm",
        "https://www.britannica.com/topic/Verrazano-Narrows-Bridge",
        "https://www.mentalfloss.com/article/501554/whats-longest-bridge-world",
        "https://en.wikipedia.org/wiki/Vasco_da_Gama_Bridge",
        "https://www.worldatlas.com/places/the-longest-bridges-in-the-world.html",
        "https://www.rd.com/list/longest-bridge-in-the-world/"
    ],
    "Apakah kraf tangan yang dibuat pada kain songket": [
        "https://id.wikipedia.org/wiki/Songket",
        "https://ms.wikipedia.org/wiki/Songket",
        "https://travel.detik.com/travel-news/d-5214655/5-fakta-soal-songket-yang-bikin-kain-ini-semakin-dicintai",
        "https://fitinline.com/article/read/kenali-asal-mula-kain-songket-palembang-teknik-pembuatan-dan-motifnya/",
        "https://www.detik.com/edu/detikpedia/d-5717106/mengenal-kain-songket-khas-melayu-dan-jenis-jenisnya",
        "https://www.liputan6.com/regional/read/5359814/mengenal-kain-songket-sejarah-makna-hingga-penggunaannya",
        "https://www.gramedia.com/literasi/kain-songket/",
        "https://perpusteknik.com/kain-songket-merupakan-hasil-kerajinan-tangan-yang-banyak-dijumpai-di-daerah/",
        "https://www.griyatenun.com/blog/mengenal-kain-songket",
        "https://indonesiaexpat.id/travel/history-culture/songket-palembang-a-distinctive-handwoven-textile/"
    ],
    "Why does a carbonated drink become flat when left open": [
        "https://www.thedailymeal.com/1656797/flatten-soda-bottle-fizzy-longer/",
        "https://www.livescience.com/32461-why-do-soft-drinks-go-flat.html",
        "https://sodapopcraft.com/can-soda-go-flat-if-unopened/",
        "https://www.reddit.com/r/explainlikeimfive/comments/ussvw/eli5_why_does_an_opened_bottle_of_coke_go_flat/",
        "https://totallydrinks.com/does-soda-go-flat-if-you-dont-open-it/",
        "https://www.chefsresource.com/does-soda-go-bad/",
        "https://totallydrinks.com/what-makes-soda-flat-faster/",
        "https://phys.org/news/2023-08-chemistry-carbonated-beverages.html",
        "https://www.breville.com/us/en/blog/beverages/can-you-recarbonate-flat-soda.html",
        "https://www.livescience.com/32492-why-does-soda-fizz.html"
    ],
    "Why sacrifice must environment to achieve development": [
        "https://news.climate.columbia.edu/2020/01/27/economic-growth-environmental-sustainability/",
        "https://blogs.worldbank.org/en/climatechange/climate-action-does-not-require-economic-sacrifice",
        "https://odi.org/en/insights/must-developing-countries-sacrifice-growth-to-save-the-planet/",
        "https://www.ecnmy.org/engage/how-much-should-we-sacrifice-to-help-the-environment/",
        "https://www.linkedin.com/pulse/self-sacrifice-building-block-nations-development-chol-paul-dba",
        "https://theconversation.com/effective-climate-action-requires-us-to-abandon-viewing-our-efforts-as-a-sacrifice-213046",
        "https://www.weforum.org/agenda/2015/09/how-achievable-are-the-sustainable-development-goals/",
        "https://utopia.org/guide/what-is-sustainable-development-and-why-is-it-necessary/",
        "https://www.ifc.org/en/stories/2022/how-to-promote-growth-and-protect-the-planet",
        "https://academic.oup.com/mit-press-scholarship-online/book/14314/chapter/168227651"
    ],
    "How many atoms are contained in eachmolecule of sulfuric acid": [
        "https://www.answers.com/chemistry/How_many_atoms_are_in_sulphuric_acid",
        "https://brainly.com/question/18337009",
        "https://brainly.com/question/1197487",
        "https://chem.libretexts.org/Bookshelves/Introductory_Chemistry/Book%3A_Introductory_Chemistry_(CK-12)/10%3A_The_Mole/10.02%3A_Conversions_Between_Moles_and_Atoms",
        "https://brainly.com/question/40815552",
        "https://en.wikipedia.org/wiki/Sulfuric_acid",
        "https://www.chemicalaid.com/tools/molarmass.php?formula=H2SO4&hl=en",
        "https://www.vedantu.com/chemistry/sulphuric-acid",
        "https://socratic.org/questions/the-formula-of-sulfuric-acid-is-h-so-4-how-many-atoms-of-hydrogen-sulfur-and-oxy",
        "https://www.numerade.com/ask/question/how-many-atoms-are-contained-in-each-molecule-of-sulfuric-acid-38784/"
    ],
    "Who is the most famous african american mathmatician": [
        "https://www.mashupmath.com/blog/famous-african-american-mathematicians",
        "https://en.wikipedia.org/wiki/List_of_African-American_mathematicians",
        "https://www.havefunwithhistory.com/black-mathematicians/",
        "https://math.buffalo.edu/mad/madgreatest.html",
        "https://www.sabes.org/content/11-famous-african-american-mathematicians-you-should-know-about/math-and-numeracy-sabes",
        "https://academicinfluence.com/rankings/people/black-scholars/mathematicians",
        "https://www.thefamouspeople.com/african-american-mathematicians.php",
        "https://www.bytelearn.com/articles/5-black-mathematicians-who-made-history-a-look-at-the-contributions-of-black-innovators-in-math/",
        "https://www.biography.com/scientists/katherine-g-johnson",
        "https://www.nature.com/articles/d41586-024-00798-y"
    ],
    "What kind of cultures do chile have": [
        "https://www.adventure-life.com/chile/articles/culture-of-chile",
        "https://www.worldatlas.com/articles/culture-of-chile.html",
        "https://en.wikipedia.org/wiki/Culture_of_Chile",
        "https://internationalliving.com/countries/chile/culture-and-traditions-in-chile/",
        "https://www.everyculture.com/Bo-Co/Chile.html",
        "https://civilisable.com/chilean-culture/",
        "https://www.learnfromtravel.com/blog/a-brief-guide-to-chile-culture-people-history-language-food-and-arts",
        "https://www.onmycanvas.com/culture-of-chile/",
        "https://www.seeinginspanish.com/chilean-culture/",
        "https://www.iexplore.com/articles/travel-guides/central-and-south-america/chile/history-and-culture"
    ],
    "Gas was used for balloons long time ago": [
        "https://en.wikipedia.org/wiki/Gas_balloon",
        "http://www.historyofballoons.com/balloon-history/history-of-gas-balloons/",
        "https://www.npr.org/2013/11/15/245435025/early-balloonists-took-science-up-up-and-away",
        "https://balloonfiesta.com/Gas-Balloons-History",
        "https://www.scientificamerican.com/article/balloon-evolution/",
        "https://www.nationalballoonmuseum.com/about/history-of-ballooning/",
        "https://sciencehistory.org/stories/magazine/artificial-clouds-and-inflammable-air-the-science-and-spectacle-of-the-first-balloon-flights-1783/",
        "https://theconversation.com/celebrating-the-150th-anniversary-of-heliums-discovery-why-we-need-it-more-than-ever-100722",
        "https://www.newworldencyclopedia.org/entry/Balloon",
        "https://www.bbml.org.uk/first-gas-balloon-flight/"
    ],
    "Can someone infected with syphillis get symptoms a week later": [
        "https://www.cdc.gov/syphilis/about/index.html",
        "https://ada.com/conditions/syphilis-infection/",
        "https://my.clevelandclinic.org/health/diseases/4622-syphilis",
        "https://www.webmd.com/sexual-conditions/types-stages-syphilis",
        "https://www.mayoclinic.org/diseases-conditions/syphilis/symptoms-causes/syc-20351756?shortlink=dc203038&shortlink=dc203038&shortlink=dc203038&shortlink=dc203038&c=Homepage&c=Homepage&c=Homepage&c=Homepage&pid=Web&pid=Web&pid=Web&pid=Web&source_caller=ui&source_caller=ui&source_caller=ui&source_caller=ui&p=1",
        "https://www.verywellhealth.com/first-signs-syphilis-5271655",
        "https://www.aad.org/public/diseases/a-z/syphilis-symptoms",
        "https://www.yalemedicine.org/conditions/syphilis",
        "https://www.merckmanuals.com/home/infections/sexually-transmitted-infections-stis/syphilis",
        "https://www.verywellhealth.com/syphilis-7368490"
    ],
    "Can dogs eat pomegranite seeds": [
        "https://www.akc.org/expert-advice/nutrition/can-dogs-eat-pomegranates/",
        "https://www.dailypaws.com/dogs-puppies/dog-nutrition/what-can-dogs-eat/can-dogs-eat-pomegranate",
        "https://www.m-dog.org/can-dogs-eat-pomegranate-seeds/",
        "https://vetadvises.com/can-dogs-eat-pomegranate-seeds/",
        "https://www.rover.com/blog/can-dog-eat-pomegranate/",
        "https://blog.tryfi.com/can-dogs-eat-pomegranate-seeds/",
        "https://vetnoms.com/can-dogs-eat-pomegranate-seeds-a-vets-opinion/",
        "https://www.greatpetcare.com/dog-nutrition/can-dogs-eat-pomegranate/",
        "https://simplyfordogs.com/can-dogs-eat-pomegranate/",
        "https://gettingadog.com/food-groups/fruits/can-dogs-eat-pomegranate/"
    ],
    "Really interesting facts about hernando cortez": [],
    "What language ia used in greece": [
        "https://www.worldatlas.com/articles/what-language-do-they-speak-in-greece.html",
        "https://en.wikipedia.org/wiki/Languages_of_Greece",
        "https://www.britannica.com/topic/Greek-language",
        "https://en.wikipedia.org/wiki/Greek_language",
        "https://www.britannica.com/topic/Greek-language/Modern-Greek",
        "https://www.britannica.com/summary/Greek-language",
        "https://www.omniglot.com/writing/greek.htm",
        "https://simple.wikipedia.org/wiki/Greek_language",
        "https://www.greeka.com/greece-culture/language/",
        "https://www.mysteriousgreece.com/about-greece/language/"
    ],
    "Who is the most famous artist in guatemala": [
        "https://theculturetrip.com/central-america/guatemala/articles/7-artists-from-guatemala-you-should-know",
        "https://www.discoverwalks.com/blog/guatemala/top-10-most-famous-people-from-guatemala/",
        "https://theculturetrip.com/central-america/guatemala/articles/meet-guatemalas-influential-people-discover-rose-fame",
        "https://www.discoverwalks.com/blog/guatemala/carlos-merida-10-facts-about-the-renowned-artist-and-muralist/",
        "https://www.touristsecrets.com/destinations/central-south-america/meet-guatemalas-most-influential-people-and-their-astonishing-rise-to-fame/",
        "https://theculturetrip.com/central-america/guatemala/articles/9-musicians-you-need-to-know-before-visiting-guatemala-city",
        "https://www.wikiart.org/en/carlos-merida"
    ],
    "What are some fun sex games": [
        "https://www.bellesa.co/collective/166/12-amazing-sex-games-to-play-as-a-couple-youre-welcome",
        "https://www.theknot.com/content/sex-games-for-couples",
        "https://www.cosmopolitan.com/sex-love/g3801/naughty-sex-games/",
        "https://www.schoolofsquirt.com/sex-games-for-couples/",
        "https://www.self.com/gallery/best-sex-games",
        "https://www.pcgamer.com/best-sex-games/",
        "https://www.gq.com/story/best-sex-games",
        "https://www.menshealth.com/sex-women/g18819245/fun-sex-games-for-couples/",
        "https://www.wellandgood.com/fun-sex-games/",
        "https://www.glamour.com/gallery/best-sex-games-for-couples"
    ],
    "How does an elephant attract its mate": [
        "https://wildlifefaq.com/elephant-reproduction/",
        "https://www.youtube.com/watch?v=144GWb0gLhU",
        "https://a-z-animals.com/animals/elephant/elephant-facts/how-do-elephants-mate-2/",
        "https://vetadvises.com/how-elephants-mate/",
        "https://science.jrank.org/pages/2423/Elephant-Mating.html",
        "https://sciencing.com/elephants-mate-4574022.html",
        "https://www.britannica.com/animal/elephant-mammal/Reproduction-and-life-cycle",
        "https://www.ox.ac.uk/news/2019-06-25-older-you-get-harder-you-seek-mating-secrets-africas-bull-elephants-0",
        "https://vetadvises.com/how-elephants-breed/",
        "https://www.youtube.com/watch?v=Y8qIIIFIZ_g"
    ],
    "How many calories in cooked beef": [],
    "How many years do you need to go to college to be a cop": [
        "https://www.police1.com/police-jobs-and-careers/articles/how-to-become-a-police-officer-a-cops-guide-ovveuz8ZfXt47oQ5/",
        "https://www.rasmussen.edu/degrees/justice-studies/blog/how-to-become-a-police-officer/",
        "https://www.indeed.com/career-advice/career-development/how-to-become-a-police-officer",
        "https://www.publicservicedegrees.org/how-to-become/police-officer/",
        "https://outsidethebadge.com/how-to-become-a-police-officer/",
        "https://www.criminaljusticedegreeschools.com/careers/police-officer/",
        "https://www.indeed.com/career-advice/finding-a-job/do-you-need-a-degree-to-be-a-cop",
        "https://www.how-to-become-a-police-officer.com/education/",
        "https://www.careerexplorer.com/careers/police-officer/how-to-become/",
        "https://blog.collegevine.com/how-to-become-a-police-officer-steps-to-take-from-high-school/"
    ]
}